	लट्लकारः	लोट्लकारः	लङ्लकारः	विधिलिङ्लकारः	लृट्लकारः	लुट्लकारः	आशीर्लिङ्लकारः	लृङ्लकारः	लिट्लकारः	लुङ्लकारः
भ्वादिगणः										
प्रथमपुरुषः	बालकः/बालिका ग्रन्थं पठति	बालकः/बालिका ग्रन्थं पठतु	बालकः/बालिका ग्रन्थम् अपठत्	बालकः/बालिका ग्रन्थं पठेत्	बालकः/बालिका ग्रन्थं पठिष्यति	बालकः/बालिका ग्रन्थं पठिता	बालकः/बालिका ग्रन्थं पठ्यात्	बालकः/बालिका ग्रन्थम् अपठिष्यत्	बालकः/बालिका ग्रन्थं पपाठ	बालकः/बालिका ग्रन्थम् अपाठीत्
	बालकौ/बालिके ग्रन्थौ पठतः	बालकौ/बालिके ग्रन्थौ पठताम्	बालकौ/बालिके ग्रन्थौ अपठताम्	बालकौ/बालिके ग्रन्थौ पठेताम्	बालकौ/बालिके ग्रन्थौ पठिष्यतः	बालकौ/बालिके ग्रन्थौ पठितारौ	बालकौ/बालिके ग्रन्थौ पठ्यास्ताम्	बालकौ/बालिके ग्रन्थौ अपठिष्यताम्	बालकौ/बालिके ग्रन्थौ पेठतुः	बालकौ/बालिके ग्रन्थौ अपाठिष्टाम्
	बालकाः/बालिकाः ग्रन्थान् पठन्ति	बालकाः/बालिकाः ग्रन्थान् पठन्तु	बालकाः/बालिकाः ग्रन्थान् अपठन्	बालकाः/बालिकाः ग्रन्थान् पठेयुः	बालकाः/बालिकाः ग्रन्थान् पठिष्यन्ति	बालकाः/बालिकाः ग्रन्थान् पठितारः	बालकाः/बालिकाः ग्रन्थान् पठ्यासुः	बालकाः/बालिकाः ग्रन्थान् अपठिष्यन्	बालकाः/बालिकाः ग्रन्थान् पेठुः	बालकाः/बालिकाः ग्रन्थान् अपाठिषुः
										
मध्यमपुरुषः	त्वं ग्रन्थं पठसि	त्वं ग्रन्थं पठ	त्वं ग्रन्थम् अपठः	त्वं ग्रन्थं पठेः	त्वं ग्रन्थं पठिष्यसि	त्वं ग्रन्थं पठितासि	त्वं ग्रन्थं पठ्याः	त्वं ग्रन्थम् अपठिष्यः	त्वं ग्रन्थं पेठित	त्वं ग्रन्थम् अपाठीः
	युवां ग्रन्थौ पठथः	युवां ग्रन्थौ पठतम्	युवां ग्रन्थौ अपठतम्	युवां ग्रन्थौ पठेतम्	युवां ग्रन्थौ पठिष्यथः	युवां ग्रन्थौ पठतास्थः	युवां ग्रन्थौ पठ्यास्तम्	युवां ग्रन्थौ अपठिष्यतम्	युवां ग्रन्थौ पेठतुः	युवां ग्रन्थौ अपाठिष्टम्
	यूयं ग्रन्थान् पठथ	यूयं ग्रन्थान् पठत	यूयं ग्रन्थान् अपठत	यूयं ग्रन्थान् पठेत	यूयं ग्रन्थान् पठिष्यथ	यूयं ग्रन्थान् पठितास्थ	यूयं ग्रन्थान् पठ्यास्त	यूयं ग्रन्थान् अपठिष्यत	यूयं ग्रन्थान् पेठ	यूयं ग्रन्थान् अपाठिष्ट
										
उत्तमपुरुषः	अहं ग्रन्थं पठामि	अहं ग्रन्थं पठानि	अहं ग्रन्थम् अपठम्	अहं ग्रन्थं पठेयम्	अहं ग्रन्थं पठिष्यामि	अहं ग्रन्थं पठितास्मि	अहं ग्रन्थं पठ्यासम्	अहं ग्रन्थम् अपठिष्यम्	अहं ग्रन्थं पपाठ	अहं ग्रन्थम् अपाठिषम्
	आवां ग्रन्थौ पठावः	आवां ग्रन्थौ पठाव	आवां ग्रन्थौ अपठाव	आवां ग्रन्थौ पठेव	आवां ग्रन्थौ पठिष्यावः	आवां ग्रन्थौ पठितास्वः	आवां ग्रन्थौ पठ्यास्व	आवां ग्रन्थौ अपठिष्याव	आवां ग्रन्थौ पेठिव	आवां ग्रन्थौ अपाठिष्व
	वयं ग्रन्थान् पठामः	वयं ग्रन्थान् पठाम	वयं ग्रन्थान् अपठाम	वयं ग्रन्थान् पठेम	वयं ग्रन्थान् पठिष्यामः	वयं ग्रन्थान् पठितास्मः	वयं ग्रन्थान् पठ्यास्म	वयं ग्रन्थान् अपठिष्याम	वयं ग्रन्थान् पेठिम	वयं ग्रन्थान् अपाठिष्म
										
अदादिगणः										
प्रथमपुरुषः	बालकः/बालिका ग्रामं याति	बालकः/बालिका ग्रामं यातु	बालकः/बालिका ग्रामम् आयात्	बालकः/बालिका ग्रामं यायात्	बालकः/बालिका ग्रामं यास्यति	बालकः/बालिका ग्रामं याता	बालकः/बालिका ग्रामं यायात्	बालकः/बालिका ग्रामम् अयास्यत्	बालकः/बालिका ग्रामं ययौ	बालकः/बालिका ग्रामम् अयासीत्
	बालकौ/बालिके ग्रामे यातः	बालकौ/बालिके ग्रामे याताम्	बालकौ/बालिके ग्रामे आयातम्	बालकौ/बालिके ग्रामे यायातम्	बालकौ/बालिके ग्रामे यास्यतः	बालकौ/बालिके ग्रामे यातारौ	बालकौ/बालिके ग्रामे यायास्तम्	बालकौ/बालिके ग्रामे अयास्यताम्	बालकौ/बालिके ग्रामे ययतुः	बालकौ/बालिके ग्रामे अयासिष्टाम्
	बालकाः/बालिकाः ग्रामाणि यान्ति	बालकाः/बालिकाः ग्रामाणि यान्तु	बालकाः/बालिकाः ग्रामाणि अयुः/अयान्	बालकाः/बालिकाः ग्रामाणि यायुः	बालकाः/बालिकाः ग्रामाणि यास्यन्ति	बालकाः/बालिकाः ग्रामाणि यातारः	बालकाः/बालिकाः ग्रामाणि यायासुः 	बालकाः/बालिकाः ग्रामाणि अयास्यन्	बालकाः/बालिकाः ग्रामाणि ययुः	बालकाः/बालिकाः ग्रामाणि अयासिषुः
										
मध्यमपुरुषः	त्वं ग्रामं यासि	त्वं ग्रामं याहि	त्वं ग्रामम् अयाः	त्वं ग्रामं यायाः	त्वं ग्रामं यास्यसि	त्वं ग्रामं यातासि	त्वं ग्रामं यायाः	त्वं ग्रामम् अयास्यः	त्वं ग्रामं ययिथ, ययाथ	त्वं ग्रामम् अयासीः
	युवां ग्रामे याथः	युवां ग्रामे यातम्	युवां ग्रामे अयातम्	युवां ग्रामे यायातम्	युवां ग्रामे यास्यथः	युवां ग्रामे यातास्थः	युवां ग्रामे यायास्तम्	युवां ग्रामे अयास्यतम्	युवां ग्रामे ययथुः	युवां ग्रामे अयासिष्टम्
	यूयं ग्रामाणि याथ	यूयं ग्रामाणि यात	यूयं ग्रामाणि अयात	यूयं ग्रामाणि यायात	यूयं ग्रामाणि यास्यथ	यूयं ग्रामाणि यातास्थ	यूयं ग्रामाणि यायास्त	यूयं ग्रामाणि अयास्यत	यूयं ग्रामाणि यय	यूयं ग्रामाणि अयासिष्ट
										
उत्तमपुरुषः	अहं ग्रामं यामि	अहं ग्रामं यानि	अहं ग्रामम् अयाम्	अहं ग्रामं यायाम्	अहं ग्रामं यास्यामि	अहं ग्रामं यातास्मि	अहं ग्रामं यायासम्	अहं ग्रामम् अयास्यम्	अहं ग्रामं ययौ	अहं ग्रामम् अयासिषम्
	आवां ग्रामे यावः	आवां ग्रामे याव	आवां ग्रामे अयाव	आवां ग्रामे यायाव	आवां ग्रामे यास्यावः	आवां ग्रामे यातास्वः	आवां ग्रामे यायास्व	आवां ग्रामे अयास्व	आवां ग्रामे ययिव	आवां ग्रामे अयासिष्व
	वयं ग्रामाणि यामः	वयं ग्रामाणि याम	वयं ग्रामाणि अयाम	वयं ग्रामाणि यायाम	वयं ग्रामाणि यास्यामः	वयं ग्रामाणि यातास्मः	वयं ग्रामाणि यायास्म	वयं ग्रामाणि आयास्म	वयं ग्रामाणि ययिम	वयं ग्रामाणि अयासिष्म
										
जुहोत्यादिगणः										
प्रथमपुरुषः	बालकः/बालिका क्रोधं जहाति	बालकः/बालिका क्रोधं जहातु	बालकः/बालिका क्रोधम् अजहात्	बालकः/बालिका क्रोधं जह्यात्	बालकः/बालिका क्रोधं हास्यति	बालकः/बालिका क्रोधं हाता	बालकः/बालिका क्रोधं हेयात्	बालकः/बालिका क्रोधम् अहास्यत्	बालकः/बालिका क्रोधं जहौ	बालकः/बालिका क्रोधम् अहासीत्
	बालकौ/बालिके क्रोधं जहीतः	बालकौ/बालिके क्रोधं जहीताम्	बालकौ/बालिके क्रोधम् अजहीताम्	बालकौ/बालिके क्रोधं जह्याताम्	बालकौ/बालिके क्रोधं हास्यतः	बालकौ/बालिके क्रोधं हातारौ	बालकौ/बालिके क्रोधं हेयास्ताम्	बालकौ/बालिके क्रोधम् अहास्यताम्	बालकौ/बालिके क्रोधं जहतुः	बालकौ/बालिके क्रोधम् अहासिष्टम्
	बालकाः/बालिकाः क्रोधं जहति	बालकाः/बालिकाः क्रोधं जहतु	बालकाः/बालिकाः क्रोधम् अजहीत	बालकाः/बालिकाः क्रोधं जह्युः	बालकाः/बालिकाः क्रोधं हास्यन्ति	बालकाः/बालिकाः क्रोधं हातारः	बालकाः/बालिकाः क्रोधं हेयासुः	बालकाः/बालिकाः क्रोधम् अहास्यन्	बालकाः/बालिकाः क्रोधं जहुः	बालकाः/बालिकाः क्रोधम् अहासिष्ट
										
मध्यमपुरुषः	त्वं क्रोधं जहासि	त्वं क्रोधं जहाहि, क्रोधं जहीहि	त्वं क्रोधम् अजहाः	त्वं क्रोधं जह्याः	त्वं क्रोधं हास्यसि	त्वं क्रोधं हातासि	त्वं क्रोधं हेयाः	त्वं क्रोधम् अहास्यः	त्वं क्रोधं जहिथ, क्रोधं जहाथ	त्वं क्रोधम् अहासीः
	युवां क्रोधं जहीथः	युवां क्रोधं जहीतम्	युवां क्रोधम् अजहीतम्	युवां क्रोधं जह्यातम्	युवां क्रोधं हास्यथः	युवां क्रोधं हातास्थः	युवां क्रोधं हेयास्तम्	युवां क्रोधम् अहास्यतम्	युवां क्रोधं जहथुः	युवां क्रोधम् अहासिष्टम्
	यूयं क्रोधं जहीथ	यूयं क्रोधं जहीत	यूयं क्रोधम् अजहीत	यूयं क्रोधं जह्यात	यूयं क्रोधं हास्यथ	यूयं क्रोधं हातास्थ	यूयं क्रोधं हेयास्त	यूयं क्रोधम् अहास्यत	यूयं क्रोधं जह	यूयं क्रोधम् अहासिष्ट
										
उत्तमपुरुषः	अहं क्रोधं जहामि	अहं क्रोधं जहानि	अहं क्रोधम् अजहाम्	अहं क्रोधं जह्याम्	अहं क्रोधं हास्यामि	अहं क्रोधं हातास्मि	अहं क्रोधं हेयासम्	अहं क्रोधम् अहास्यम्	अहं क्रोधं जहौ	अहं क्रोधम् अहासिषम्
	आवां क्रोधं जहीवः	आवां क्रोधं जहाव	आवां क्रोधम् अजहीव	आवां क्रोधं जह्याव	आवां क्रोधं हास्यावः	आवां क्रोधं हातास्वः	आवां क्रोधं हेयास्व	आवां क्रोधम् अहास्याव	आवां क्रोधं जहिव	आवां क्रोधम् अहासिष्व
	वयं क्रोधं जहीमः	वयं क्रोधं जहाम	वयं क्रोधम् अजहीम	वयं क्रोधं जह्याम	वयं क्रोधं हास्यामः	वयं क्रोधं हातास्मः	वयं क्रोधं हेयास्म	वयं क्रोधम् अहास्याम	वयं क्रोधं जहिम	वयं क्रोधम् अहासिष्म
										
दिवादिगणः										
प्रथमपुरुषः	बालकः/बालिका पत्रं क्षिप्यति	बालकः/बालिका पत्रं क्षिप्यतु	बालकः/बालिका पत्रम् अक्षिप्यत्	बालकः/बालिका पत्रं क्षिप्येत्	बालकः/बालिका पत्रं क्षेप्स्यति	बालकः/बालिका पत्रं क्षेप्ता	बालकः/बालिका पत्रं क्षिप्यात्	बालकः/बालिका पत्रम् अक्षेप्स्यत्	बालकः/बालिका पत्रं चिक्षेप	बालकः/बालिका पत्रम् अक्षिपत्
	बालकौ/बालिके पत्रे क्षिप्यतः	बालकौ/बालिके पत्रे क्षिप्यताम्	बालकौ/बालिके पत्रे अक्षिप्यताम्	बालकौ/बालिके पत्रे क्षिप्येताम्	बालकौ/बालिके पत्रे क्षेप्स्यतः	बालकौ/बालिके पत्रे क्षेप्तारौ	बालकौ/बालिके पत्रे क्षिप्यास्ताम्	बालकौ/बालिके पत्रे अक्षेप्स्यताम्	बालकौ/बालिके पत्रे चिक्षिपतुः	बालकौ/बालिके पत्रे अक्षिपताम्
	बालकाः/बालिकाः पत्राणि क्षिप्यन्ति	बालकाः/बालिकाः पत्राणि क्षिप्यन्तु	बालकाः/बालिकाः पत्राणि अक्षिप्यन्	बालकाः/बालिकाः पत्राणि क्षिप्येयुः	बालकाः/बालिकाः पत्राणि क्षेप्स्यन्ति	बालकाः/बालिकाः पत्राणि क्षेप्तारः	बालकाः/बालिकाः पत्राणि क्षिप्यासुः	बालकाः/बालिकाः पत्राणि अक्षेप्स्यन्	बालकाः/बालिकाः पत्राणि चिक्षिपुः	बालकाः/बालिकाः पत्राणि अक्षिपन्
										
मध्यमपुरुषः	त्वं पत्रं क्षिप्यसि	त्वं पत्रं क्षिप्य	त्वं पत्रम् अक्षिप्यः	त्वं पत्रं क्षिप्येः	त्वं पत्रं क्षेप्स्यसि	त्वं पत्रं क्षेप्तासि	त्वं पत्रं क्षिप्याः	त्वं पत्रम् अक्षेप्स्यः	त्वं पत्रं चिक्षेपिथ	त्वं पत्रम् अक्षिपः
	युवां पत्रे क्षिप्यथः	युवां पत्रे क्षिप्यतम्	युवां पत्रे अक्षिप्यतम्	युवां पत्रे क्षिप्येतम्	युवां पत्रे क्षेप्स्यथः	युवां पत्रे क्षेप्तास्थः	युवां पत्रे क्षिप्यास्तम्	युवां पत्रे अक्षेप्स्यतम्	युवां पत्रे चिक्षिपथुः	युवां पत्रे अक्षिपतम्
	यूयं पत्राणि क्षिप्यथ	यूयं पत्राणि क्षिप्यत	यूयं पत्राणि अक्षिप्यत	यूयं पत्राणि क्षिप्येत	यूयं पत्राणि क्षेप्स्यथ	यूयं पत्राणि क्षेप्तास्थ	यूयं पत्राणि क्षिप्यास्त	यूयं पत्राणि अक्षेप्स्यत	यूयं पत्राणि चिक्षिप	यूयं पत्राणि अक्षिपत
										
उत्तमपुरुषः	अहं पत्रं क्षिप्यामि	अहं पत्रं क्षिप्यामि	अहं पत्रम् अक्षिप्यम्	अहं पत्रं क्षिप्येयम्	अहं पत्रं क्षेप्स्यामि	अहं पत्रं क्षेप्तास्मि	अहं पत्रं क्षिप्यासम्	अहं पत्रम् अक्षेप्स्यम्	अहं पत्रं चिक्षेप	अहं पत्रम् अक्षिपम्
	आवां पत्रे क्षिप्यावः	आवां पत्रे क्षिप्यावः	आवां पत्रे अक्षिप्याव	आवां पत्रे क्षिप्येव	आवां पत्रे क्षेप्स्यावः	आवां पत्रे क्षेप्तास्वः	आवां पत्रे क्षिप्यास्व	आवां पत्रे अक्षेप्स्याव	आवां पत्रे चिक्षिपिव	आवां पत्रे अक्षिपाव
	वयं पत्राणि क्षिप्यामः	वयं पत्राणि क्षिप्यामः	वयं पत्राणि अक्षिप्याम	वयं पत्राणि क्षिप्येम	वयं पत्राणि क्षेप्स्यामः	वयं पत्राणि क्षेप्तास्मः	वयं पत्राणि क्षिप्यास्म	वयं पत्राणि अक्षेप्स्याम	वयं पत्राणि चिक्षिपिम	वयं पत्राणि अक्षिपाम
										
स्वादिगणः										
प्रथमपुरुषः	बालकः/बालिका फलम् आप्नोति	बालकः/बालिका फलम् आप्नोतु	बालकः/बालिका फलम् आप्नोत्	बालकः/बालिका फलम् आप्नुयात्	बालकः/बालिका फलम् आप्स्यति	बालकः/बालिका फलम् आप्ता	बालकः/बालिका फलम् आप्यात्	बालकः/बालिका फलम् आप्स्यत्	बालकः/बालिका फलम् आप	बालकः/बालिका फलम् आपत् 
	बालकौ/बालिके फले आप्नुतः	बालकौ/बालिके फले आप्नुतः	बालकौ/बालिके फले आप्नुताम्	बालकौ/बालिके फले आप्नुयाताम्	बालकौ/बालिके फले आप्स्यतः	बालकौ/बालिके फले आप्तारौ	बालकौ/बालिके फले आप्यास्ताम्	बालकौ/बालिके फले आप्स्यताम्	बालकौ/बालिके फले आपतुः	बालकौ/बालिके फले आपताम्
	बालकाः/बालिकाः फलानि आप्नुवन्ति	बालकाः/बालिकाः फलानि आप्नुवन्तु	बालकाः/बालिकाः फलानि आप्नुवन्	बालकाः/बालिकाः फलानि आप्नुयुः	बालकाः/बालिकाः फलानि आप्स्यन्ति	बालकाः/बालिकाः फलानि आप्तारः	बालकाः/बालिकाः फलानि आप्यासुः	बालकाः/बालिकाः फलानि आप्स्यन्	बालकाः/बालिकाः फलानि आपुः	बालकाः/बालिकाः फलानि आपन्
										
मध्यमपुरुषः	त्वं फलम् आप्नोषि	त्वं फलम् आप्नुहि	त्वं फलम् आप्नोः	त्वं फलम् आप्नुयाः	त्वं फलम् आप्स्यसि	त्वं फलम् आप्तासि	त्वं फलम् आप्याः	त्वं फलम् आप्स्यः	त्वं फलम् आपिथ	त्वं फलम् आपः
	युवां फले आप्नुथः	युवां फले आप्नुतम्	युवां फले आप्नुतम्	युवां फले आप्नुयातम्	युवां फले आप्स्यथः	युवां फले आप्तास्थः	युवां फले आप्यास्तम्	युवां फले आप्स्यतम्	युवां फले आपथुः	युवां फले आपतम्
	यूयं फलानि आप्नुथ	यूयं फलानि आप्नुत	यूयं फलानि आप्नुत	यूयं फलानि आप्नुयात	यूयं फलानि आप्स्यथ	यूयं फलानि आप्तास्थ	यूयं फलानि आप्यास्त	यूयं फलानि आप्स्यत	यूयं फलानि आप	यूयं फलानि आपत
										
उत्तमपुरुषः	अहं फलम् आप्नोमि	अहं फलम् आप्नोमि	अहं फलम् आप्नवम्	अहं फलम् आप्नुयाम्	अहं फलम् आप्स्यामि	अहं फलम् आप्तास्मि	अहं फलम् आप्यासम्	अहं फलम् आप्स्यम्	अहं फलम् आप	अहं फलम् आपम्
	आवां फले आप्नुमः	आवां फले आप्नुवः	आवां फले आप्नुव	आवां फले आप्नुयाव	आवां फले आप्स्यावः	आवां फले आप्तास्वः	आवां फले आप्यास्व	आवां फले आप्स्याव	आवां फले आपिव	आवां फले आपाव
	वयं फलानि आप्नुमः	वयं फलानि आप्नुमः	वयं फलानि आप्नुम	वयं फलानि आप्नुयाम	वयं फलानि आप्स्यामः	वयं फलानि आप्तास्मः	वयं फलानि आप्यास्म	वयं फलानि आप्स्याम	वयं फलानि आपिम	वयं फलानि आपाम
										
तुदादिगणः										
प्रथमपुरुषः	बालकः/बालिका पुस्तकं लिखति 	बालकः/बालिका पुस्तकं लिखतु	बालकः/बालिका पुस्तकम् अलिखत् 	बालकः/बालिका पुस्तकं लिखेत्	बालकः/बालिका पुस्तकं लेखिष्यति	बालकः/बालिका पुस्तकं लेखिता	बालकः/बालिका पुस्तकं लिख्यात्	बालकः/बालिका पुस्तकम् अलेखिष्यत्	बालकः/बालिका पुस्तकं लिलेख	बालकः/बालिका पुस्तकम् अलेखीत् 
	बालकौ/बालिके पुस्तके लिखतः 	बालकौ/बालिके पुस्तके लिखताम्	बालकौ/बालिके पुस्तके अलिखताम् 	बालकौ/बालिके पुस्तके लिखेताम्	बालकौ/बालिके पुस्तके लेखिष्यतः	बालकौ/बालिके पुस्तके लेखितारौ	बालकौ/बालिके पुस्तके लिख्यास्ताम्	बालकौ/बालिके पुस्तके अलेखिष्यताम्	बालकौ/बालिके पुस्तके लिलेखतुः	बालकौ/बालिके पुस्तके अलेखिष्टाम् 
	बालकाः/बालिकाः पुस्तकानि लिखन्ति  	बालकाः/बालिकाः पुस्तकानि लिखन्तु  	बालकाः/बालिकाः पुस्तकानि अलिखन्  	बालकाः/बालिकाः पुस्तकानि लिखेयुः	बालकाः/बालिकाः पुस्तकानि लेखिष्यन्ति	बालकाः/बालिकाः पुस्तकानि लेखितारः	बालकाः/बालिकाः पुस्तकानि लिख्यासुः 	बालकाः/बालिकाः पुस्तकानि अलेखिष्यन्	बालकाः/बालिकाः पुस्तकानि लिलिखुः 	बालकाः/बालिकाः पुस्तकानि अलेखिषुः 
										
मध्यमपुरुषः	त्वं पुस्तकं लिखसि	त्वं पुस्तकं लिख	त्वं पुस्तकम् अलिखः	त्वं पुस्तकं लिखेः	त्वं पुस्तकं लेखिष्यसि	त्वं पुस्तकं लेखितासि	त्वं पुस्तकं लिख्याः	त्वं पुस्तकम् अलेखिष्यः	त्वं पुस्तकं लिलेखिथ	त्वं पुस्तकम् अलेखीः
	युवां पुस्तके लिखथः	युवां पुस्तके लिखतम्	युवां पुस्तके अलिखतम्	युवां पुस्तके लिखेतम्	युवां पुस्तके लेखिष्यथः	युवां पुस्तके लेखितास्थः	युवां पुस्तके लिख्यास्तम्	युवां पुस्तके अलेखिष्यातम्	युवां पुस्तके लिलेखथुः	युवां पुस्तके अलेखिष्टम्
	यूयं पुस्तके लिखथ	यूयं पुस्तके लिखत	यूयं पुस्तके अलिखत  	यूयं पुस्तके लिखेत	यूयं पुस्तके लेखिष्यथ	यूयं पुस्तके लेखितास्थ	यूयं पुस्तके लिख्यास्त	यूयं पुस्तके अलेखिष्यत	यूयं पुस्तके लिलिष	यूयं पुस्तके अलेखिष्ट
										
उत्तमपुरुषः	अहं पुस्तकं लिखामि	अहं पुस्तकं लिखानि	अहं पुस्तकम् अलिखम्	अहं पुस्तकं लिखेयम्	अहं पुस्तकं लेखिष्यामि	अहं पुस्तकं लेखितास्मि	अहं पुस्तकं लिख्यासम्	अहं पुस्तकम् अलेखिष्यम् 	अहं पुस्तकं लिलेख	अहं पुस्तकम् अलेखिषम्
	आवां पुस्तके लिखावः	आवां पुस्तके लिखाव 	आवां पुस्तके अलिखाव 	आवां पुस्तके लिखेव	आवां पुस्तके लेखिष्यावः	आवां पुस्तके लेखितास्वः	आवां पुस्तके लिख्यास्व	आवां पुस्तके अलेखिष्याव	आवां पुस्तके लिलिखिव	आवां पुस्तके अलेखिष्व
	वयं पुस्तकानि लिखामः	वयं पुस्तकानि लिखाम 	वयं पुस्तकानि अलिखाम	वयं पुस्तकानि लिखेम	वयं पुस्तकानि लेखिष्यामः	वयं पुस्तकानि लेखितास्मः	वयं पुस्तकानि लिख्यास्म	वयं पुस्तकानि अलेखिष्याम	वयं पुस्तकानि लिलिखिम	वयं पुस्तकानि अलेखिष्म
										
रुधादिगणः										
प्रथमपुरुषः	बालकः/बालिका युनक्ति	बालकः/बालिका युनक्तु	बालकः/बालिका अयुनक्	बालकः/बालिका युञ्ज्यात्	बालकः/बालिका योक्ष्यति	बालकः/बालिका योक्ता	बालकः/बालिका युज्यात्	बालकः/बालिका अयोक्ष्यत्	बालकः/बालिका युयोज	बालकः/बालिका अयौक्षीत्
	बालकौ/बालिके युङ्क्तः	बालकौ/बालिके युङ्क्ताम्	बालकौ/बालिके अयुङ्क्ताम्	बालकौ/बालिके युञ्ज्याताम्	बालकौ/बालिके योक्ष्यतः	बालकौ/बालिके योक्तारौ	बालकौ/बालिके युज्यास्ताम्	बालकौ/बालिके अयोक्ष्यताम्	बालकौ/बालिके युयुजतुः	बालकौ/बालिके अयौक्ताम्
	बालकाः/बालिकाः युञ्जन्ति	बालकाः/बालिकाः युञ्जन्तु	बालकाः/बालिकाः अयुञ्जन्	बालकाः/बालिकाः युञ्ज्युः	बालकाः/बालिकाः योक्ष्यन्ति	बालकाः/बालिकाः योक्तारः	बालकाः/बालिकाः युज्यासुः	बालकाः/बालिकाः अयोक्ष्यन्	बालकाः/बालिकाः युयुजुः	बालकाः/बालिकाः अयौक्षुः
										
मध्यमपुरुषः	त्वं युनक्षि	त्वं युङ्ग्धि	त्वम् अयुनक्	त्वं युञ्ज्याः	त्वं योक्ष्यसि	त्वं योक्तासि	त्वं युज्याः	त्वम् अयोक्ष्यः	त्वं युयोजिथ	त्वम् अयौक्षीः
	युवां युङ्क्थः	युवां युङ्क्तम्	युवाम् अयुङ्क्तम्	युवां युञ्ज्यातम्	युवां योक्ष्यथः	युवां योक्तास्थः	युवां युज्यास्तम्	युवाम् अयोक्ष्यतम्	युवां युयुजथुः	युवाम् अयौक्तम्
	यूयं युङ्क्थ	यूयं युङ्क्त	यूयम् अयुङ्क्त	यूयं युञ्ज्यात	यूयं योक्ष्यथ	यूयं योक्तास्थ	यूयं युज्यास्त	यूयम् अयोक्ष्यत	यूयं युयुज	यूयम् अयौक्त
										
उत्तमपुरुषः	अहं युनज्मि	अहं युनजानि	अहम् अयुनजम्	अहं युञ्ज्याम्	अहं योक्ष्यामि	अहं योक्तास्मि	अहं युज्यासम्	अहम् अयोक्ष्यम्	अहं युयोज	अहम् अयौक्षम्
	आवां युञ्ज्वः	आवां युनजाव	आवाम् अयुञ्ज्व	आवां युञ्ज्याव	आवां योक्ष्यावः	आवां योक्तास्वः	आवां युज्यास्व	आवाम् अयोक्ष्याव	आवां युयुजिव	आवाम् अयौक्ष्व
	वयं युञ्ज्मः	वयं युनजाम	वयम् अयुञ्ज्म	वयं युञ्ज्याम	वयं योक्ष्यामः	वयं योक्तास्मः	वयं युज्यास्म	वयम् अयोक्ष्याम	वयं युयुजिम	वयम् अयौक्ष्म
										
तनादिगणः										
प्रथमपुरुषः	बालकः/बालिका कार्यं करोति	बालकः/बालिका कार्यं करोतु	बालकः/बालिका कार्यम् अकरोत्	बालकः/बालिका कार्यं कुर्यात्	बालकः/बालिका कार्यं करिष्यति	बालकः/बालिका कार्यं कर्ता	बालकः/बालिका कार्यं क्रियात्	बालकः/बालिका कार्यम् अकरिष्यत्	बालकः/बालिका कार्यं चकार	बालकः/बालिका कार्यम् अकार्षीत्
	बालकौ/बालिके कार्ये कुरुतः	बालकौ/बालिके कार्ये कुरुतः	बालकौ/बालिके कार्ये अकुरुताम्	बालकौ/बालिके कार्ये कुर्याताम्	बालकौ/बालिके कार्ये करिष्यतः	बालकौ/बालिके कार्ये कर्तारौ	बालकौ/बालिके कार्ये क्रियास्ताम्	बालकौ/बालिके कार्ये अकरिष्यताम्	बालकौ/बालिके कार्ये चक्रतुः	बालकौ/बालिके कार्ये अकार्ष्टाम्
	बालकाः/बालिकाः कार्याणि कुर्वन्ति	बालकाः/बालिकाः कार्याणि कुर्वन्तु	बालकाः/बालिकाः कार्याणि अकुर्वन्	बालकाः/बालिकाः कार्याणि कुर्युः	बालकाः/बालिकाः कार्याणि करिष्यन्ति	बालकाः/बालिकाः कार्याणि कर्तारः	बालकाः/बालिकाः कार्याणि क्रियासुः	बालकाः/बालिकाः कार्याणि अकरिष्यन्	बालकाः/बालिकाः कार्याणि चक्रुः	बालकाः/बालिकाःअकार्षुः
										
मध्यमपुरुषः	त्वं कार्यं करोषि	त्वं कार्यं कुरु	त्वं कार्यम् अकरोः	त्वं कार्यं कुर्याः	त्वं कार्यं करिष्यसि	त्वं कार्यं कर्तासि	त्वं कार्यं क्रियाः	त्वं कार्यम् अकरिष्यः	त्वं कार्यं चकर्थ	त्वं कार्यम् अकार्षीः
	युवां कार्ये कुरुथः	युवां कार्ये कुरुतम्	युवां कार्ये अकुरुतम्	युवां कार्ये कुर्यातम्	युवां कार्ये करिष्यथः	युवां कार्ये कर्तास्थः	युवां कार्ये क्रियास्तम्	युवां कार्ये अकरिष्यतम्	युवां कार्ये चक्रथुः	युवां कार्ये अकार्ष्टम्
	यूयं कार्याणि कुरुथ	यूयं कार्याणि कुरुत	यूयं कार्याणि अकुरुत	यूयं कार्याणि कुर्यात	यूयं कार्याणि करिष्यथ	यूयं कार्याणि कर्तास्थ	यूयं कार्याणि क्रियास्त	यूयं कार्याणि अकरिष्यत	यूयं कार्याणि चक्र	यूयं कार्याणि अकार्ष्ट
										
उत्तमपुरुषः	अहं कार्यं करोमि	अहं कार्यं करवाणि	अहं कार्यम् अकरवम्	अहं कार्यं कुर्याम्	अहं कार्यं करिष्यामि	अहं कार्यं कर्तास्मि	अहं कार्यं क्रियासम्	अहं कार्यम् अकरिष्यम्	अहं कार्यं चकार, चकर	अहं कार्यम् अकार्षम्
	आवां कार्ये कुर्वः	आवां कार्ये करवाव	आवां कार्ये अकुर्व	आवां कार्ये कुर्याव	आवां कार्ये करिष्यावः	आवां कार्ये कर्तास्वः	आवां कार्ये क्रियास्व	आवां कार्ये अकरिष्याव	आवां कार्ये चकृव	आवां कार्ये अकार्ष्व
	वयं कार्याणि कुर्मः	वयं कार्याणि करवाम	वयं कार्याणि अकुर्म	वयं कार्याणि कुर्याम	वयं कार्याणि करिष्यामः	वयं कार्याणि कर्तास्मः	वयं कार्याणि क्रियास्म	वयं कार्याणि अकरिष्याम	वयं कार्याणि चकृम	वयं कार्याणि अकार्ष्म
										
क्र्यादिगणः										
प्रथमपुरुषः	बालकः/बालिका चित्रं क्रीणाति	बालकः/बालिका चित्रं क्रीणातु	बालकः/बालिका चित्रम् अक्रीणात्	बालकः/बालिका चित्रं क्रीणीयात्	बालकः/बालिका चित्रं क्रेष्यति	बालकः/बालिका चित्रं क्रेता	बालकः/बालिका चित्रं क्रीयात्	बालकः/बालिका चित्रम् अक्रेष्यत्	बालकः/बालिका चित्रं चिक्राय	बालकः/बालिका चित्रम् अक्रैषीत्
	बालकौ/बालिके चित्रे क्रीणीतः	बालकौ/बालिके चित्रे क्रीणीताम्	बालकौ/बालिके चित्रे अक्रीणीताम्	बालकौ/बालिके चित्रे क्रीणीयाताम्	बालकौ/बालिके चित्रे क्रेष्यतः	बालकौ/बालिके चित्रे क्रेतारौ	बालकौ/बालिके चित्रे क्रीयास्ताम्	बालकौ/बालिके चित्रे अक्रेष्यताम्	बालकौ/बालिके चित्रे चिक्रियतुः	बालकौ/बालिके चित्रे अक्रैष्टाम्
	बालकाः/बालिकाः चित्राणि क्रीणन्ति	बालकाः/बालिकाः चित्राणि क्रीणन्तु	बालकाः/बालिकाः चित्राणि अक्रीणन्	बालकाः/बालिकाः चित्राणि क्रीणीयुः	बालकाः/बालिकाः चित्राणि क्रेष्यन्ति	बालकाः/बालिकाः चित्राणि क्रेतारः	बालकाः/बालिकाः चित्राणि क्रीयासुः	बालकाः/बालिकाः चित्राणि अक्रेष्यन्	बालकाः/बालिकाः चित्राणि चिक्रियुः	बालकाः/बालिकाः चित्राणि अक्रैषुः
										
मध्यमपुरुषः	त्वं चित्रं क्रीणासि	त्वं चित्रं क्रीणीहि	त्वं चित्रम् अक्रीणः	त्वं चित्रं क्रीणीयाः	त्वं चित्रं क्रेष्यसि	त्वं चित्रं क्रेतासि	त्वं चित्रं क्रीयाः	त्वं चित्रम् अक्रेष्यः	त्वं चित्रं चिक्रयिथ, चिक्रेथ	त्वं चित्रम् अक्रैषीः
	युवां चित्रे क्रीणीथः	युवां चित्रे क्रीणीतम्	युवां चित्रे अक्रीणीतम्	युवां चित्रे क्रीणीयातम्	युवां चित्रे क्रेष्यथः	युवां चित्रे क्रेतास्थः	युवां चित्रे क्रीयास्तम्	युवां चित्रे अक्रेष्यतम्	युवां चित्रे चिक्रियथुः	युवां चित्रे अक्रैष्टम्
	यूयं चित्राणि क्रीणीथ	यूयं चित्राणि क्रीणीत	यूयं चित्राणि अक्रीणीत	यूयं चित्राणि क्रीणीयात	यूयं चित्राणि क्रेष्यथ	यूयं चित्राणि क्रेतास्थ	यूयं चित्राणि क्रीयास्त	यूयं चित्राणि अक्रेष्यत	यूयं चित्राणि चिक्रिय	यूयं चित्राणि अक्रैष्ट
										
उत्तमपुरुषः	अहं चित्रं क्रीणामि	अहं चित्रं क्रीणानि	अहं चित्रम् अक्रीणाम्	अहं चित्रं क्रीणीयाम्	अहं चित्रं क्रेष्यामि	अहं चित्रं क्रेतास्मि	अहं चित्रं क्रीयासम्	अहं चित्रम् अक्रेष्यम्	अहं चित्रं चिक्राय	अहं चित्रम् अक्रैषम्
	आवां चित्रे क्रीणीवः	आवां चित्रे क्रीणाव	आवां चित्रे अक्रीणीव	आवां चित्रे क्रीणीयाव	आवां चित्रे क्रेष्यावः	आवां चित्रे क्रेतास्वः	आवां चित्रे क्रीयास्व	आवां चित्रे अक्रेष्याव	आवां चित्रे चिक्रियिव	आवां चित्रे अक्रैष्व
	वयं चित्राणि क्रीणीमः	वयं चित्राणि क्रीणाम	वयं चित्राणि अक्रीणीम	वयं चित्राणि क्रीणीयाम	वयं चित्राणि क्रेष्यामः	वयं चित्राणि क्रेतास्मः	वयं चित्राणि क्रीयास्म	वयं चित्राणि अक्रेष्याम	वयं चित्राणि चिक्रियिम	वयं चित्राणि अक्रैष्म
										
चुरादिगणः										
प्रथमपुरुषः	बालकः/बालिका कथां कथयति	बालकः/बालिका कथां कथयतु	बालकः/बालिका कथाम् अकथयत्	बालकः/बालिका कथां कथयेत्	बालकः/बालिका कथां कथयिष्यति	बालकः/बालिका कथां कथयिता	बालकः/बालिका कथां कथ्यात् 	बालकः/बालिका कथाम् अकथयिष्यत्	बालकः/बालिका कथां कथयाञ्चकार	बालकः/बालिका कथाम् अचकथत्
	बालकौ/बालिके कथे कथयतः	बालकौ/बालिके कथे कथयताम्	बालकौ/बालिके कथे अकथयताम्	बालकौ/बालिके कथे कथयेताम्	बालकौ/बालिके कथे कथयिष्यतः	बालकौ/बालिके कथे कथयितारौ	बालकौ/बालिके कथे कथ्यास्ताम्	बालकौ/बालिके कथे अकथयिष्यताम्	बालकौ/बालिके कथे कथयाञ्चक्रतुः	बालकौ/बालिके कथे अचकथताम्
	बालकाः/बालिकाः कथाः कथयन्ति	बालकाः/बालिकाः कथाः कथयन्तु	बालकाः/बालिकाः कथाः अकथयन्	बालकाः/बालिकाः कथाः कथयेयुः	बालकाः/बालिकाः कथाः कथयिष्यन्ति	बालकाः/बालिकाः कथाः कथयितारः	बालकाः/बालिकाः कथाः कथ्यासुः	बालकाः/बालिकाः कथाः अकथयिष्यन्	बालकाः/बालिकाः कथाः कथयाञ्चक्रुः	बालकाः/बालिकाः अचकथन्
										
मध्यमपुरुषः	त्वं कथां कथयसि	त्वं कथां कथयसि	त्वं कथाम् अकथयः	त्वं कथां कथयेः	त्वं कथां कथयिष्यसि	त्वं कथां कथयितासि	त्वं कथां कथ्याः	त्वं कथाम् अकथयिष्यः	त्वं कथां कथयाञ्चकर्थ	त्वं कथाम् अचकथाः
	युवां कथे कथयथः	युवां कथे कथयथः	युवां कथे अकथयतम्	युवां कथे कथयेतम्	युवां कथे कथयिष्यथः	युवां कथे कथयितास्थः	युवां कथे कथ्यास्तम्	युवां कथे अकथयिष्यतम्	युवां कथे कथयाञ्चक्रथुः	युवां कथे अचकथतम्
	यूयं कथाः कथयथ	यूयं कथाः कथयथ	यूयं कथाः अकथयत	यूयं कथाः कथयेत	यूयं कथाः कथयिष्यथ	यूयं कथाः कथयितास्थ	यूयं कथाः कथ्यास्त	यूयं कथाः अकथयिष्यत	यूयं कथाः कथयाञ्चक्र	यूयं कथाः अचकथत
										
उत्तमपुरुषः	अहं कथां कथयामि	अहं कथां कथयामि	अहं कथाम् अकथयम्	अहं कथां कथयेयम्	अहं कथां कथयिष्यामि	अहं कथां कथयितास्मि	अहं कथां कथ्यास्मि	अहं कथाम् अकथयिष्यम्	अहं कथां कथयाञ्चकार, चकर	अहं कथाम् अचकथम्
	आवां कथे कथयावः	आवां कथे कथयावः	आवां कथे अकथयाव	आवां कथे कथयेव	आवां कथे कथयिष्यावः	आवां कथे कथयितास्वः	आवां कथे कथ्यास्व	आवां कथे अकथयिष्याव	आवां कथे कथयाञ्चकृव	आवां कथे अचकथाव
	वयं कथाः कथयामः	वयं कथाः कथयामः	वयं कथाः अकथयाम	वयं कथाः कथयेम	वयं कथाः कथयिष्यामः	वयं कथाः कथयितास्मः	वयं कथाः कथ्यास्म	वयं कथाः अकथयिष्याम	वयं कथाः कथयाञ्चकृम	वयं कथाः अचकथाम